FC Barcelona,La Liga
Roma,Serie A
FC Bayern München,Bundesliga
Manchester United,Premier League
Real Madrid,La Liga
Everton,Premier League
Juventus,Serie A
Shakhtar Donetsk,Ukrainian Premier League
AS Monaco,Ligue 1
VfL Wolfsburg,Bundesliga
Milan,Serie A
Olympique de Marseille,Ligue 1
Olympique Lyonnais,Ligue 1
Beşiktaş JK,Süper Lig
Manchester City,Premier League
Liverpool,Premier League
FC Rostov,Russian Premier League
Tottenham Hotspur,Premier League
Sporting CP,Primeira Liga
Arsenal,Premier League
Paris Saint-Germain,Ligue 1
Napoli,Serie A
FC Schalke 04,2. Bundesliga
OGC Nice,Ligue 1
SL Benfica,Primeira Liga
Borussia Dortmund,Bundesliga
UD Las Palmas,Segunda División
FC Porto,Primeira Liga
Lazio,Serie A
Borussia Mönchengladbach,Bundesliga
PFC CSKA Moscow,Russian Premier League
Chievo Verona,Serie A
Chelsea,Premier League
Leicester City,Premier League
Lokomotiv Moscow,Russian Premier League
Atlético Madrid,La Liga
Sevilla FC,La Liga
Crystal Palace,Premier League
Chicago Fire,Major League Soccer
Genoa,Serie A
Bournemouth,EFL Championship
Club Athletico Paranaense,Campeonato Brasileiro Série A
Athletic Club de Bilbao,La Liga
Montpellier HSC,Ligue 1
West Ham United,Premier League
SV Werder Bremen,2. Bundesliga
Villarreal CF,La Liga
Zenit St. Petersburg,Russian Premier League
1. FC Köln,Bundesliga
Stoke City,EFL Championship
Inter,Serie A
Valencia CF,La Liga
Southampton,Premier League
Watford,Premier League
Club Brugge KV,Belgian First Division A
FC Krasnodar,Russian Premier League
LOSC Lille,Ligue 1
Feyenoord,Eredivisie
RC Celta,La Liga
Toronto FC,Major League Soccer
AS Saint-Étienne,Ligue 1
RSC Anderlecht,Belgian First Division A
Spartak Moscow,Russian Premier League
PSV,Eredivisie
Udinese,Serie A
Ajax,Eredivisie
San Lorenzo de Almagro,Primera División
Hamburger SV,2. Bundesliga
Trabzonspor,Süper Lig
Fiorentina,Serie A
Grêmio,Campeonato Brasileiro Série A
Aston Villa,Premier League
Torino,Serie A
Burnley,Premier League
Montreal Impact,Major League Soccer
Standard de Liège,Belgian First Division A
Swansea City,EFL Championship
Hertha BSC,Bundesliga
Monterrey,Liga MX
Racing Club,Primera División
KAA Gent,Belgian First Division A
Universidad de Chile,Primera División
FC Basel 1893,Swiss Super League
Sunderland,EFL League One
TSG 1899 Hoffenheim,Bundesliga
Bayer 04 Leverkusen,Bundesliga
Granada CF,La Liga
Vitória Guimarães,Primeira Liga
Deportivo de La Coruña,1ª RFEF – Group 1
Birmingham City,EFL Championship
Bologna,Serie A
Club Atlético Lanús,Primera División
Internacional,Campeonato Brasileiro Série A
Osmanlıspor,TFF Second League
VfB Stuttgart,Bundesliga
SV Darmstadt 98,2. Bundesliga
Toulouse Football Club,Ligue 2
1. FSV Mainz 05,Bundesliga
Levante UD,La Liga
Fenerbahçe SK,Süper Lig
Malmö FF,Allsvenskan
FC Sion,Swiss Super League
Vitesse,Eredivisie
Cagliari,Serie A
LA Galaxy,Major League Soccer
Norwich City,Premier League
Legia Warszawa,Ekstraklasa
Guadalajara,Liga MX
Tigres U.A.N.L.,Liga MX
Newcastle United,Premier League
Angers SCO,Ligue 1
Rosenborg BK,Eliteserien
FC Utrecht,Eredivisie
Fluminense,Campeonato Brasileiro Série A
Sampdoria,Serie A
Al Ahli,Pro League
Galatasaray SK,Süper Lig
Bursaspor,TFF First League
Medipol Başakşehir FK,Süper Lig
RCD Espanyol,La Liga
Seattle Sounders FC,Major League Soccer
SD Eibar,Segunda División
Atiker Konyaspor,Süper Lig
Al Nassr,Pro League
Sheffield Wednesday,EFL League One
Real Betis,La Liga
FC Dallas,Major League Soccer
FC Augsburg,Bundesliga
Kawasaki Frontale,J1 League
Derby County,EFL Championship
Huddersfield Town,EFL Championship
Rubin Kazan,Russian Premier League
Boca Juniors,Primera División
Atalanta,Serie A
Vissel Kobe,J1 League
Sporting Kansas City,Major League Soccer
Stade Rennais FC,Ligue 1
FC St. Gallen,Swiss Super League
Sassuolo,Serie A
Universidad Católica,Campeonato Nacional
Málaga CF,Segunda División
Joinville,Campeonato Brasileiro Série D
RB Leipzig,Bundesliga
FC Ingolstadt 04,2. Bundesliga
Deportivo Alavés,La Liga
Hull City,EFL Championship
Çaykur Rizespor,Süper Lig
Olympiacos CFP,A1 Greek Volleyleague
Colo-Colo,Chilean Primera División
CD Leganés,Segunda División
Club América,Liga MX
Antalyaspor,Süper Lig
Kayserispor,Süper Lig
Clube Sport Marítimo,Azores
Middlesbrough,EFL Championship
Independiente,Primera División
Getafe CF,La Liga
Palmeiras,Campeonato Brasileiro Série A
Panathinaikos FC,Super League Greece
CA Osasuna,La Liga
Hellas Verona,Serie A
AZ Alkmaar,Eredivisie
Real Sociedad,La Liga
West Bromwich Albion,EFL Championship
FC Metz,Ligue 1
FC Girondins de Bordeaux,Ligue 1
Al Hilal,Saudi Professional League
Club León,Liga MX
IF Elfsborg,Allsvenskan
Gimnàstic de Tarragona,1ª RFEF – Group 2
Brescia,Serie B
Colorado Rapids,Major League Soccer
En Avant de Guingamp,Ligue 2
PAOK,Super League Greece
Kasimpaşa SK,Süper Lig
KV Oostende,Belgian First Division A
Philadelphia Union,Major League Soccer
Goiás,Campeonato Brasileiro Série B
Eintracht Braunschweig,3. Liga
KRC Genk,Belgian First Division A
Deportivo Toluca,Liga MX
Empoli,Serie A
Djurgårdens IF,Allsvenskan
River Plate,Argentine Primera División
Santos,Campeonato Brasileiro Série A
Eintracht Frankfurt,Bundesliga
Orlando Pirates,DStv Premiership
Kalmar FF,Allsvenskan
Once Caldas,Categoría Primera A
Brighton & Hove Albion,Premier League
Club Tijuana,Liga MX
New York City FC,Major League Soccer
Al Shabab,Pro League
Independiente Medellín,Categoría Primera A
Pogoń Szczecin,PKO Ekstraklasa
Odds BK,Eliteserien
Sporting Club de Bastia,Ligue 2
Sangju Sangmu FC,K League 2
Fulham,EFL Championship
Cesena,Serie C
Pachuca,Liga MX
Akhisar Belediyespor,TFF Second League
Strømsgodset IF,Eliteserien
Football Bourg En Bresse Peronnas 01,Championnat National
FC Ufa,Russian Premier League
New York Red Bulls,Major League Soccer
SC Braga,Primeira Liga
Atlético Nacional,Categoría Primera A
Santos Laguna,Liga MX
América FC (Minas Gerais),Campeonato Brasileiro Série A
Gimnasia y Esgrima La Plata,Primera División
Jeju United FC,K League 1
Stade Malherbe Caen,Ligue 2
FC Paços de Ferreira,Primeira Liga
Vitória,Primeira Liga
Rayo Vallecano,La Liga
Pohang Steelers,K League 1
Brøndby IF,Superliga
Kashiwa Reysol,J1 League
Estudiantes de La Plata,Primera División
Bolton Wanderers,EFL League One
Lech Poznań,Ekstraklasa
Newell's Old Boys,Primera División
Elche CF,La Liga
Northampton Town,EFL League Two
Gençlerbirliği SK,TFF First League
Hannover 96,2. Bundesliga
Columbus Crew SC,Major League Soccer
Tiburones Rojos de Veracruz,Liga MX Femenil
Celtic,Scottish Premiership
Jaguares de Chiapas,Liga de Expansión MX
Rionegro Águilas,Categoría Primera A
SC Freiburg,Bundesliga
VfL Bochum 1848,Bundesliga
Gamba Osaka,J1 League
PEC Zwolle,Eredivisie
Portland Timbers,Major League Soccer
Rio Ave FC,Liga Portugal 2
Botafogo,Campeonato Brasileiro Série A
Kaizer Chiefs,DStv Premiership
FC Lorient,Ligue 1
CD Tenerife,Segunda División
Club Atlas,Liga MX
1. FC Union Berlin,Bundesliga
FC Nantes,Ligue 1
Amkar Perm,FNL 2
US Salernitana 1919,Serie A
Atlético Mineiro,Campeonato Brasileiro Série A
Terek Grozny,Russian Premier League
Ternana,Serie B
Pescara,Serie C
SC Heerenveen,Eredivisie
Bristol City,EFL Championship
Inverness Caledonian Thistle,Scottish Championship
Alanyaspor,Süper Lig
FC Groningen,Eredivisie
UD Almería,Segunda División
Vancouver Whitecaps FC,Major League Soccer
Dijon FCO,Ligue 2
Vitória de Setúbal,Liga 3 (Portugal)
Sport Club do Recife,Campeonato Brasileiro Série A
ADO Den Haag,Eerste Divisie
FC København,Superliga
Moreirense FC,Primeira Liga
SD Huesca,Segunda División
Coritiba,Campeonato Brasileiro Série A
CD Numancia,2ª RFEF – Group 3
Kardemir Karabükspor,TFF Second League
Palermo,Serie C
Crotone,Serie B
Wellington Phoenix,A-League
Orlando City SC,Major League Soccer
Real Sporting de Gijón,Segunda División
Brentford,Premier League
Albirex Niigata,J2 League
New England Revolution,Major League Soccer
RC Strasbourg Alsace,Ligue 1
Defensa y Justicia,Primera División
Nottingham Forest,EFL Championship
Stade Lavallois Mayenne FC,Championnat National
Real Zaragoza,Segunda División
Os Belenenses,Campeonato de Portugal
CD Mirandés,Segunda División
FC Red Bull Salzburg,Austrian Bundesliga
São Paulo,Campeonato Brasileiro Série A
Girona FC,Segunda División
Wolverhampton Wanderers,Premier League
Perth Glory,A-League
Querétaro,Liga MX
KV Kortrijk,Belgian First Division A
Junior FC,Categoría Primera A
Arsenal Tula,Russian Premier League
Stade de Reims,Ligue 1
1. FC Nürnberg,2. Bundesliga
RCD Mallorca,La Liga
CD Feirense,Liga Portugal 2
Boavista FC,Primeira Liga
Monarcas Morelia,Liga de Expansión MX
KVC Westerlo,Belgian First Division B
Preston North End,EFL Championship
Grasshopper Club Zürich,Swiss Super League
Sporting de Charleroi,Belgian First Division A
Bari,Serie C
Urawa Red Diamonds,J1 League
FC Orenburg,Russian Football National League
Millonarios FC,Categoría Primera A
Leeds United,Premier League
Estoril Praia,Primeira Liga
Godoy Cruz,Primera División
SV Zulte-Waregem,Belgian First Division A
Korona Kielce,I liga
Gaziantepspor,A2 Ligi
Fortuna Düsseldorf,2. Bundesliga
GD Chaves,Liga Portugal 2
Jagiellonia Białystok,Ekstraklasa
FC Erzgebirge Aue,2. Bundesliga
Cardiff City,EFL Championship
Racing Club de Lens,Ligue 1
DSC Arminia Bielefeld,Bundesliga
Atlético Bucaramanga,Categoría Primera A
Heracles Almelo,Eredivisie
FC Arouca,Primeira Liga
Sint-Truidense VV,Belgian First Division A
Plymouth Argyle,EFL League One
Rosario Central,Primera División
SG Dynamo Dresden,2. Bundesliga
DC United,Major League Soccer
Port Vale,EFL League Two
FC Ural Yekaterinburg,Russian Premier League
Sporting Lokeren,Belgian Second Amateur Division
Melbourne City FC,A-League
Ulsan Hyundai FC,K League 1
Aarhus GF,Danish Superliga
FC Seoul,K League 1
Cruz Azul,Liga MX
KV Mechelen,Belgian First Division A
Cruzeiro,Campeonato Brasileiro Série B
Sheffield United,EFL Championship
Bury,EFL
AS Nancy Lorraine,Ligue 2
St. Johnstone FC,Scottish Premiership
FC St. Pauli,2. Bundesliga
Independiente Santa Fe,Categoría Primera A
Club Atlético Huracán,Primera División
Karlsruher SC,2. Bundesliga
Sydney FC,A-League
Carpi,Serie D
Valenciennes FC,Ligue 2
Jeonbuk Hyundai Motors,K League 1
Chamois Niortais Football Club,Ligue 2
Figueirense,Campeonato Brasileiro Série C
Aalborg BK,Danish Superliga
Pisa,Serie B
San Luis de Quillota,Primera B
Real Valladolid CF,Segunda División
La Equidad,Categoría Primera A
CD Universidad de Concepción,Primera B
Bristol Rovers,EFL League Two
Club Atlético Talleres,Primera División
CD Tondela,Primeira Liga
CD Nacional,Liga Portugal 2
Houston Dynamo,Major League Soccer
IFK Göteborg,Allsvenskan
Kashima Antlers,J1 League
Unión Española,Chilean Primera División
1. FC Kaiserslautern,3. Liga
Suwon Samsung Bluewings,K League 1
Gillingham,EFL League One
FC Twente,Eredivisie
Nîmes Olympique,Ligue 2
Dundee FC,Scottish Premiership
FC Midtjylland,Danish Superliga
SK Brann,Eliteserien
Seongnam FC,K League 1
SK Rapid Wien,Austrian Bundesliga
Cracovia,Ekstraklasa
FC Würzburger Kickers,3. Liga
Puebla FC,Liga MX
Silkeborg IF,1st Division
Wisła Kraków,Ekstraklasa
Omiya Ardija,J2 League
Wolfsberger AC,Austrian Bundesliga
Ascoli,Serie B
TSV 1860 München,3. Liga
FK Austria Wien,Austrian Bundesliga
Club Atlético Aldosivi,Primera División
Cádiz CF,La Liga
Real Oviedo,Segunda División
Brisbane Roar,A-League
Vasco da Gama,Campeonato Brasileiro Série B
Rangers FC,Scottish Premiership
Excelsior,Réunion Premier League
Real Salt Lake,Major League Soccer
UCAM Murcia CF,1ª RFEF – Group 2
BK Häcken,Allsvenskan
AC Ajaccio,Ligue 2
Vålerenga Fotball,Eliteserien
Deportivo Cali,Categoría Primera A
Ipswich Town,EFL League One
Benevento,Serie B
Molde FK,Eliteserien
BSC Young Boys,Swiss Super League
Sparta Rotterdam,Eredivisie
SPAL,Serie B
Viking FK,Eliteserien
Millwall,EFL Championship
Unión de Santa Fe,Primera División
Grimsby Town,National League
Santiago Wanderers,Campeonato Nacional
Willem II,Eredivisie
Suwon FC,K League 1
Lechia Gdańsk,Ekstraklasa
Fleetwood Town,EFL League One
Club Atlético Sarmiento,Primera División
Notts County,National League
Blackburn Rovers,EFL Championship
Jeonnam Dragons,K League 2
Deportivo Pasto,Categoría Primera A
Perugia,Serie B
Southend United,National League
Zagłębie Lubin,Ekstraklasa
Queens Park Rangers,EFL Championship
Ponte Preta,Campeonato Brasileiro Série B
Patriotas Boyacá FC,Categoría Primera A
Adanaspor,TFF First League
FC Tokyo,J1 League
Wigan Athletic,EFL League One
SpVgg Greuther Fürth,Bundesliga
Júbilo Iwata,J2 League
Avellino,Serie C
Club Atlético Banfield,Primera División
FC Sochaux-Montbéliard,Ligue 2
Criciúma,Campeonato Brasileiro Série B
Hamilton Academical FC,Scottish Championship
Waasland-Beveren,Belgian First Division B
Chapecoense,Campeonato Brasileiro Série A
Córdoba CF,2ª RFEF – Group 4
Sanfrecce Hiroshima,J1 League
FC Tom Tomsk,FNL
CD Lugo,Segunda División
FC Vaduz,Swiss Challenge League
Belgrano de Córdoba,Primera Nacional
Charlton Athletic,EFL League One
FC Lausanne-Sport,Swiss Super League
Heart of Midlothian,Scottish Premiership
Aalesunds FK,1. divisjon
SønderjyskE,Danish Superliga
Bruk-Bet Termalica Nieciecza,Ekstraklasa
Frosinone,Serie B
Shrewsbury,EFL League One
Stade Brestois 29,Ligue 1
Jaguares de Córdoba,Categoría Primera A
Club Atlético Tigre,Primera Nacional
NEC Nijmegen,Eredivisie
AIK,Allsvenskan
Melbourne Victory,A-League
Barnsley,EFL Championship
GFC Ajaccio,National 3
Vicenza,Serie B
Deportes Tolima,Categoría Primera A
ESTAC Troyes,Ligue 1
Go Ahead Eagles,Eredivisie
Al Fateh,Pro League
Al Taawoun,Pro League
1. FC Heidenheim 1846,2. Bundesliga
Adelaide United,A-League
Deportes Iquique,Primera B
Lillestrøm SK,Eliteserien
Club Atlético Colón,Primera División
Spezia,Serie A
FC Admira Wacker Mödling,Austrian Bundesliga
Atlético Tucumán,Primera División
FC Anzhi Makhachkala,Russian Professional Football League
FK Haugesund,Eliteserien
Rotherham United,EFL League One
Hammarby IF,Allsvenskan
KAS Eupen,Belgian First Division A
US Orléans Loiret Football,Championnat National
Club Atlético Temperley,Primera B Nacional
Clermont Foot 63,Ligue 1
Club Olimpo,Torneo Federal A
AD Alcorcón,Segunda División
Audax Italiano,Campeonato Nacional
Milton Keynes Dons,EFL League One
Roda JC Kerkrade,Eerste Divisie
FC Lugano,Swiss Super League
Coventry City,EFL Championship
Oxford United,EFL League One
Cortuluá,Categoría Primera B
Western Sydney Wanderers,A-League
Club Necaxa,Liga MX
Bradford City,EFL League Two
Vélez Sarsfield,Primera División
Al Ittihad,Pro League
Rochdale,EFL League Two
Nagoya Grampus,J1 League
Colchester United,EFL League Two
Östersunds FK,Superettan
CF Reus Deportiu,OK Liga
Piast Gliwice,Ekstraklasa
Aberdeen,Scottish Premiership
CD Huachipato,Campeonato Nacional
Lyngby BK,1st Division
SCR Altach,Austrian Bundesliga
Esbjerg fB,1st Division
Ettifaq FC,Pro League
Al Qadisiyah,First Division League
Wisła Płock,Ekstraklasa
Sagan Tosu,J1 League
HJK Helsinki,Veikkausliiga
IFK Norrköping,Allsvenskan
Mansfield Town,EFL League Two
SV Ried,Austrian Football Bundesliga
Blackpool,EFL Championship
Yokohama F. Marinos,J1 League
Avaí FC,Campeonato Brasileiro Série B
SK Sturm Graz,Austrian Bundesliga
Incheon United FC,K League 1
Red Star FC,Championnat National
Sarpsborg 08 FF,Eliteserien
Cittadella,Serie B
Arsenal de Sarandí,Argentine Primera División
GwangJu FC,K League 1
Ross County FC,Scottish Premiership
Leyton Orient,EFL League Two
Scunthorpe United,EFL League Two
Randers FC,Danish Superliga
Doncaster Rovers,EFL League One
Sevilla Atlético,1ª RFEF – Group 2
Odense Boldklub,Danish Superliga
FC Thun,Swiss Challenge League
Atlético de Rafaela,Primera B Nacional
Morecambe,EFL League One
Burton Albion,EFL League One
Helsingborgs IF,Superettan
Stabæk Fotball,Eliteserien
San Jose Earthquakes,Major League Soccer
Oldham Athletic,EFL League Two
Walsall,EFL League Two
FC Luzern,Swiss Super League
Tromsø IL,Eliteserien
CD Antofagasta,Primera B
Ventforet Kofu,J2 League
Quilmes Atlético Club,Primera B Nacional
SV Sandhausen,2. Bundesliga
San Martín de San Juan,Primera B Nacional
CD O'Higgins,Campeonato Nacional
CD Palestino,Campeonato Nacional
Cambridge United,EFL League One
Örebro SK,Superettan
FC Nordsjælland,Danish Superliga
Peterborough United,EFL Championship
Portsmouth,League One
Le Havre AC,Ligue 2
Jönköpings Södra IF,Superettan
Śląsk Wrocław,Ekstraklasa
Royal Excel Mouscron,Belgian First Division B
Kilmarnock,Scottish Championship
Al Khaleej,First Division League
Cork City,League of Ireland First Division
Atlético Huila,Categoría Primera A
Stevenage,League Two
Krylya Sovetov Samara,Russian Premier League
AC Horsens,1st Division
Swindon Town,EFL League Two
St. Patrick's Athletic,League of Ireland Premier Division
Chesterfield,National League
Wycombe Wanderers,EFL League One
Partick Thistle FC,Scottish Championship
Amiens SC,Ligue 2
Arka Gdynia,I liga
Górnik Łęczna,Ekstraklasa
Patronato,Primera División
AJ Auxerre,Ligue 2
Sligo Rovers,League of Ireland Premier Division
GIF Sundsvall,Superettan
CD Everton de Viña del Mar,Primera División
Motherwell,Scottish Premiership
Crewe Alexandra,EFL League One
Luton Town,EFL Championship
Al Wehda,First Division League
AFC Wimbledon,EFL League One
IK Start,1. divisjon
Sogndal Fotball,1. divisjon
Tours FC,Régional 1
Alianza Petrolera,Categoría Primera A
Boyacá Chicó FC,Categoría Primera B
Vegalta Sendai,J1 League
Virtus Entella,Serie C
Al Faisaly,Pro League
CD Cobresal,Campeonato Nacional
Exeter City,EFL League Two
Carlisle United,EFL League Two
Newcastle Jets,A-League
Crawley Town,EFL League Two
Yeovil Town,National League
FK Bodø/Glimt,Eliteserien
Gefle IF,Division 1 Norra
Newport County,EFL League Two
Hartlepool United,EFL League Two
Al Raed,Saudi Pro League
Cheltenham Town,EFL League One
Central Coast Mariners,A-League
Shamrock Rovers,League of Ireland Premier Division
Club Deportes Temuco,Primera B
Avispa Fukuoka,J1 League
Envigado FC,Categoría Primera A
Falkenbergs FF,Superettan
Viborg FF,Danish Superliga
Ruch Chorzów,II liga
Accrington Stanley,EFL League One
Shonan Bellmare,J1 League
Galway United,League of Ireland First Division
SKN St. Pölten,Austrian Football Second League
Fortaleza CEIF,Categoría Primera B
Al Batin,Pro League
Finn Harps,League of Ireland Premier Division
Barnet,National League
Bohemian FC,League of Ireland Premier Division
Longford Town,League of Ireland First Division
Wexford Youths,League of Ireland First Division
AEK Athens,Super League Greece
Lobos BUAP,Liga de Balompié Mexicano
Sivasspor,Süper Lig
Royal Antwerp FC,Belgian First Division A
AFC Eskilstuna,Superettan
Dinamo Moscow,Russian Premier League
América de Cali,Categoría Primera A
Göztepe SK,Süper Lig
NAC Breda,Eerste Divisie
Atlanta United,Major League Soccer
MSV Duisburg,3. Liga
Parma,Serie B
Sparta Praha,Czech First League
Atlético Clube Goianiense,Campeonato Brasileiro Série A
VVV-Venlo,Eerste Divisie
Cultural Leonesa,1ª RFEF – Group 1
Cerezo Osaka,J1 League
Hibernian,Scottish Premiership
US Quevilly Rouen Métropole,Ligue 2
US Cremonese,Serie B
Portimonense SC,Primeira Liga
FC Tosno,Russian Premier League
SSV Jahn Regensburg,2. Bundesliga
Venezia FC,Serie A
Argentinos Juniors,Primera División
Minnesota United FC,Major League Soccer
La Berrichonne de Châteauroux,Championnat National
Yeni Malatyaspor,Süper Lig
Foggia,Serie C
Sandecja Nowy Sącz,I liga
Albacete BP,1ª RFEF – Group 2
SKA Khabarovsk,FNL
1. FC Magdeburg,3. Liga
FC Barcelona B,1ª RFEF – Group 2
SC Preußen Münster,Regionalliga West
SG Sonnenhof Großaspach,Regionalliga Südwest
Holstein Kiel,2. Bundesliga
Lincoln City,EFL League One
Sandefjord Fotball,Eliteserien
Al Fayha,Pro League
Shimizu S-Pulse,J1 League
VfL Osnabrück,3. Liga
VfL Sportfreunde Lotte,Regionalliga West
Gangwon FC,K League 1
Ohod Club,First Division League
FC Zürich,Super League
Hallescher FC,3. Liga
Chemnitzer FC,Regionalliga Nordost
IK Sirius,Elitserien
FSV Zwickau,3. Liga
SV Meppen,3. Liga
LASK Linz,Austrian Bundesliga
SC Paderborn 07,2. Bundesliga
Hokkaido Consadole Sapporo,J1 League
Górnik Zabrze,Ekstraklasa
SV Werder Bremen II,Regionalliga Nord
FC Rot-Weiß Erfurt,NOFV-Oberliga Süd
SC Fortuna Köln,Regionalliga West
SpVgg Unterhaching,Regionalliga Bayern
Lorca FC,Segunda División
VfR Aalen,Regionalliga Südwest
Curicó Unido,Campeonato Nacional
SV Wehen Wiesbaden,3. Liga
Hobro IK,1st Division
Kristiansund BK,Eliteserien
Paris FC,Ligue 2
FC Hansa Rostock,2. Bundesliga
Daegu FC,K League 1
Chacarita Juniors,Primera B Nacional
Forest Green Rovers,EFL League Two
Halmstads BK,Allsvenskan
FC Carl Zeiss Jena,Regionalliga Nordost
Drogheda United,League of Ireland Premier Division
FC Helsingør,1st Division
Tigres FC,Liga MX
Guangzhou Evergrande Taobao FC,Chinese Super League
Dalian YiFang FC,Chinese Super League
Guangzhou R&F FC,Chinese Super League
Shanghai SIPG FC,Chinese Super League
Beijing Sinobo Guoan FC,Chinese Super League
Hebei China Fortune FC,Chinese Super League
Beijing Renhe FC,China League One
Bahia,Campeonato Brasileiro Série A
Tianjin TEDA FC,Chinese Super League
Viktoria Plzeň,Czech First League
Jiangsu Suning FC,Chinese Super League
Dynamo Kyiv,Ukrainian Premier League
Shanghai Greenland Shenhua FC,Chinese Super League
MKE Ankaragücü,TFF First League
SK Slavia Praha,Czech First League
Los Angeles FC,Major League Soccer
Shandong Luneng TaiShan FC,Chinese Super League
Chongqing Dangdai Lifan FC SWM Team,Chinese Super League
Cosenza,Serie B
Al Hazem,Pro League
Dinamo Zagreb,Prva HNL
Paraná,Campeonato Brasileiro Série D
Padova,Serie C
BB Erzurumspor,TFF First League
Zagłębie Sosnowiec,I liga
Neuchâtel Xamax,Swiss Challenge League
Livorno,Eccellenza
Henan Jianye FC,Chinese Super League
Fortuna Sittard,Eredivisie
Grenoble Foot 38,Ligue 2
CF Rayo Majadahonda,1ª RFEF – Group 1
Santa Clara,Primeira Liga
FC Emmen,Eerste Divisie
San Martin de Tucumán,Argentine Primera Nacional
V-Varen Nagasaki,J2 League
Ceará Sporting Club,Campeonato Brasileiro Série A
St. Mirren,Scottish Premiership
KSV Cercle Brugge,Belgian First Division A
Lecce,Serie B
Ranheim Fotball,1. divisjon
Unión La Calera,Primera División
KFC Uerdingen 05,Regionalliga West
Vejle Boldklub,Danish Superliga
Livingston FC,Scottish Premiership
FC Energie Cottbus,Regionalliga Nordost
Gyeongnam FC,K League 2
Extremadura UD,1ª RFEF – Group 1
Miedź Legnica,I liga
Macclesfield Town,North West Counties League
De Graafschap,Eerste Divisie
Vendsyssel FF,Danish 1st Division
Tranmere Rovers,EFL League Two
FC Wacker Innsbruck,2. Liga
Trelleborgs FF,Superettan
Dalkurd FF,Ettan
Changchun Yatai FC,Chinese Super League
IF Brommapojkarna,Division 1 Norra
Itagüí Leones FC,Categoría Primera B
TSV Hartberg,Austrian Bundesliga
Waterford FC,League of Ireland First Division
Olimpia Asunción,Primera División
Denizlispor,TFF First League
Independiente del Valle,Serie A
Atlético de San Luis,Liga MX
LDU Quito,Serie A
Shenzhen FC,Chinese Super League
Famalicão,Primeira Liga
Sol de América,Primera División
FC Juárez,Liga MX
Pordenone,Serie B
CFR Cluj,Liga I
Fortaleza,Campeonato Brasileiro Série A
Castellammare di Stabia,Serie C
Astra Giurgiu,Liga II
Universitatea Craiova,Liga I
FC Cincinnati,Major League Soccer
Flamengo,Campeonato Brasileiro Série A
Peñarol,Primera División
Nacional de Montevideo,Primera División
Deportivo Binacional,Liga 1
Club Bolívar,División Profesional
Central Córdoba,Primera B Nacional
Al Ain FC,UAE Pro League
Club Libertad,Primera División
FCSB (Steaua),Liga I
FC Viitorul,Divizia Națională
SD Ponferradina,Segunda División
RKC Waalwijk,Eredivisie
Wuhan Zall,Chinese Super League
Gil Vicente FC,Primeira Liga
Gazişehir Gaziantep F.K.,Süper Lig
FC Botoşani,Liga I
CF Fuenlabrada,Segunda División
UE Llagostera,1ª RFEF – Group 2
Oriente Petrolero,División Profesional
Western United FC,A-League
Damac FC,Pro League
Barcelona Sporting Club,Serie A
Catania,Serie C
Sepsi OSK,Liga I
Club Guaraní,Primera División
Salford City,EFL League Two
Real Madrid Castilla,1ª RFEF – Group 2
Raków Częstochowa,Ekstraklasa
Delfín SC,Serie A
Sport Huancayo,Liga 1
Kuban Krasnodar,FNL
SV Waldhof Mannheim,3. Liga
Unión Magdalena,Categoría Primera B
Melgar FBC,Liga 1
SD Aucas,Serie A
Nacional Asunción,Primera División
Politehnica Iaşi,Liga II
Coquimbo Unido,Primera División
Alianza Lima,Liga 1
Emelec,Serie A
Bayern München II,Regionalliga Bayern
FC Voluntari,Liga I
Viktoria Köln,3. Liga
Servette FC,Swiss Super League
Club Atlético Grau,Liga 2
Dinamo Bucureşti,Liga I
Gaz Metan Mediaş,Liga I
Liverpool Fútbol Club,Primera División
Racing Santander,1ª RFEF – Group 1
Le Mans FC,Championnat National
Jorge Wilstermann,División Profesional
Club Plaza Colonia,Primera División
Cusco FC,Liga 1
Mjøndalen IF,Eliteserien
Oita Trinita,J1 League
AC Arles Avignon,Régional 2 Méditerranée
River Plate Montevideo,Primera División
El Nacional,Serie B
FC Chambly Oise,Championnat National
Matsumoto Yamaga,J2 League
Chindia Târgovişte,Liga I
Nacional Potosí,División Profesional
Corinthians,Campeonato Brasileiro Série A
Universidad Católica del Ecuador,Serie A
WSG Tirol,Austrian Bundesliga
Daejeon Citizen,K League 2
Centro Atlético Fénix,Primera División
Academica Clinceni,Liga I
Always Ready,División Profesional
Abha Club,Pro League
Associação Académica de Coimbra,Liga Portugal 2
Dundee United,Scottish Premiership
Como,Serie B
Al Adalah,First Division League
River Plate Asunción,Primera División
FC Hermannstadt,Liga II
Club Blooming,Bolivian Primera División
UC AlbinoLeffe,Serie C
Estudiantes de Mérida,Primera División Venezolana
Caracas FC,Primera División
AC Mineros de Guayana,Venezuelan Primera División
LKS Lodz,I liga
Rodez Aveyron Football,Ligue 2
Rangers de Talca,Primera B
Aragua FC,Primera División Venezolana
Grosseto,Serie C
Llaneros de Guanare,Primera División
Estudiantes Tecos,Liga Premier
Lierse SK,Proximus League
Dynamo České Budějovice,Czech First League
Leones Negros de la UdeG,Liga de Expansión MX
Åtvidabergs FF,Ettan
Sportivo Luqueño,Primera División
Mersin İdman Yurdu,TFF Second League
GKS Bełchatów,II liga
Zamora FC,Venezuelan Primera División
Clube Náutico Capibaribe,Campeonato Brasileiro Série B
Najran SC,First Division League
Sandnes Ulf,1. divisjon
Torquay United,National League
Podbeskidzie Bielsko-Biała,I liga
US Créteil-Lusitanos,Championnat National
Atlante,Liga de Expansión MX
UD Vecindario,3ª – Group 12
FC Cartagena,Segunda División
Arezzo,Serie D
Inter Miami,Major League Soccer
AC Monza,Serie B
Fatih Karagümrük S.K.,Süper Lig
Qingdao Huanghai F.C.,Chinese Super League
Shijiazhuang Ever Bright F.C.,Chinese Super League
Farense,Liga Portugal 2
Hatayspor,Süper Lig
Mazatlán FC,Liga MX
Beerschot AC,First Division A
C.D. Castellón,La Liga
VfB Lübeck,Regionalliga Nord
Oud-Heverlee Leuven,Belgian First Division A
Volga Nizhny Novgorod,Russian Premier League
UD Logroñés,1ª RFEF – Group 1
Busan IPark,K League 2
Nashville SC,Major League Soccer
Pau FC,Ligue 2
Dorados de Sinaloa,Liga de Expansión MX
Yokohama FC,J1 League
CE Sabadell FC,1ª RFEF – Group 2
Stal Mielec,Ekstraklasa
UTA Arad,Liga I
1. FC Saarbrücken,3. Liga
Macarthur FC,A-League
Türkgücü München,3. Liga
Harrogate Town,EFL League Two
Mjällby AIF,Allsvenskan
FC Argeș,Liga I
SC Verl,3. Liga
Varbergs BoIS,Allsvenskan
USL Dunkerque,Ligue 2
Alemannia Aachen,Regionalliga West
Shelbourne FC,League of Ireland Premier Division
Hércules CF,2ª B – Group 3
Warta Poznań,Ekstraklasa
União de Leiria,Campeonato de Portugal
Siena,Serie C
Santo André,Campeonato Brasileiro Série D
KSV 1919,Regionalliga Südwest
CF Estrela da Amadora,Liga Portugal 2
CD Trofense,Liga Portugal 2
Sakaryaspor,TFF Second League
Atlético de Madrid,La Liga
Real Madrid CF,La Liga
Real Betis Balompié,La Liga
AC Milan,Serie A
Beijing Guoan FC,Chinese Super League
Unión Deportiva Almería,Segunda División
Shanghai Port FC,Chinese Super League
Montpellier Hérault SC,Ligue 1
Levante Unión Deportiva,La Liga
RB Bragantino,Campeonato Brasileiro Série A
Unión Deportiva Las Palmas,Segunda División
Guangzhou City,Chinese Super League
Jiangsu FC,Chinese Super League
Udinese Calcio,Serie A
Shanghai Shenhua FC,Chinese Super League
TSG Hoffenheim,Bundesliga
Torino F.C.,Serie A
Guangzhou FC,Chinese Super League
RCD Espanyol de Barcelona,La Liga
Club Olimpia,Primera División
RC Celta de Vigo,La Liga
Inter Miami CF,Major League Soccer
Al Ain,UAE Pro League
Spartak Moskva,Russian Premier League
Gallos Blancos de Querétaro,Liga MX
Sport-Club Freiburg,Bundesliga
Hebei FC,Chinese Super League
Adana Demirspor,Süper Lig
Club Atlético Independiente,Primera División
İstanbul Başakşehir FK,Süper Lig
Clube Atlético Mineiro,Campeonato Brasileiro Série A
CF Monterrey ,Liga MX
F.C. København,Superliga
FC Lokomotiv Moscow,Russian Premier League
U.C. Sampdoria,Serie A
AFC Bournemouth,EFL Championship
Fútbol Club Juárez,Liga MX
AC Sparta Praha,Czech First League
FC Viktoria Plzeň,Czech First League
Columbus Crew,Major League Soccer
Sport Club Corinthians Paulista,Campeonato Brasileiro Série A
U.S. Sassuolo Calcio,Serie A
Demir Grup Sivasspor,Süper Lig
Shandong Taishan,Chinese Super League
Qingdao FC,Bundesliga
Austin FC,Major League Soccer
Club Atlético Central Córdoba,Primera B Nacional
Orlando City Soccer Club,Major League Soccer
N.E.C. Nijmegen,Eredivisie
Tianjin Jinmen Tiger FC,Chinese Super League
ATK Mohun Bagan FC,Indian Super League
Ferencvárosi TC,NB I
UD Ibiza,Segunda División
Henan Songshan Longmen FC,Chinese Super League
Royal Charleroi S.C.,Belgian First Division A
Wuhan FC,Chinese Super League
K Beerschot VA,First Division A
Aytemiz Alanyaspor,Süper Lig
Club River Plate Asunción,Primera División
Chicago Fire Football Club,Major League Soccer
Chongqing Liangjiang Athletic,Chinese Super League
Vitória de Guimarães,Primeira Liga
Club de Regatas Vasco da Gama,Campeonato Brasileiro Série B
GZT Giresunspor,Süper Lig
Belenenses SAD,Primeira Liga
Club de Foot Montréal,Major League Soccer
Juventude,Campeonato Brasileiro Série A
D.C. United,Major League Soccer
SC Farense,Liga Portugal 2
Neuchâtel Xamax FCS,Swiss Challenge League
FC Vizela,Primeira Liga
Royale Union Saint-Gilloise,Belgian First Division A
Al Tai,Pro League
Club Atlético de San Luis,Liga MX
RZ Pellets Wolfsberger AC,Austrian Bundesliga
FC St. Gallen 1879,Swiss Super League
Hajduk Split,Prva HNL
FC Dinamo 1948 Bucureşti,Liga I
SV Zulte Waregem,Belgian First Division A
Dalian Professional Football Club,Chinese Super League
Club Nacional de Football,Primera División
Mazatlán Futbol Club,Liga MX
FC U Craiova 1948,Liga I
Club Deportivo Palestino,Campeonato Nacional
AFC Hermannstadt,Liga II
Burgos CF,Segunda División
Futebol Clube de Famalicão,Primeira Liga
Club Universidad Nacional,Liga MX
F.C. Hansa Rostock,2. Bundesliga
Bucaspor,TFF Third League
Club Deportivo Guadalajara,Liga MX
APOEL Nicosia FC,First Division
Altay SK,Süper Lig
Club Atlético Peñarol,Primera División
Club Deportivo Oriente Petrolero,División Profesional
Rapid București,Liga I
SV Waldhof Mannheim 07,3. Liga
Shrewsbury Town,EFL League One
FC Farul Constanța,Liga I
Degerfors IF,Allsvenskan
Club Cerro Porteño,Primera División
Sepsi OSK Sf. Gheorghe,Liga I
Cuiabá,Campeonato Brasileiro Série A
Club Independiente Santa Fe,Categoría Primera A
SC Cambuur,Eredivisie
Kayseri Erciyesspor,Süper Lig
Club Deportes Tolima,Categoría Primera A
Tokushima Vortis,J1 League
Club Sporting Cristal,Liga 1
FC Viktoria 1889 Berlin,3. Liga
SD Amorebieta,Segunda División
SC Rheindorf Altach,Austrian Bundesliga
Club Deportivo El Nacional,Serie B
FC Goa,Indian Super League
CS Emelec,Serie A
Real Sociedad B,Segunda División
Montevideo City Torque,Primera División
Club Atlético Rentistas,Primera División
Club Deportivo Jorge Wilstermann,División Profesional
Seraing,Belgian First Division A
Platense,Primera
Club Universitario de Deportes,Liga 1
Mumbai City FC,Indian Super League
Metropolitanos de Caracas FC,Primera División Venezolana
Sociedad Deportiva Aucas,Serie A
SC Bastia,Ligue 2
Wrexham AFC,National League
SK Austria Klagenfurt,Austrian Bundesliga
NorthEast United FC,Indian Super League
Campionii FC Arges,Liga I
Bengaluru FC,Indian Super League
Associação Chapecoense de Futebol,Campeonato Brasileiro Série A
Sutton United,EFL League Two
Club Nacional,Primera División
AFC Astra Giurgiu,Liga II
Novara Calcio,Serie B
Kerala Blasters FC,Indian Super League
Club Plaza de Deportes Colonia,Primera División
Club The Strongest,División Profesional
FC Flyeralarm Admira,Austrian Bundesliga
TSV Havelse,3. Liga
Club Always Ready,División Profesional
FC Academica Clinceni,Liga I
SC Freiburg II,3. Liga
Sportclub Verl,3. Liga
Chennaiyin FC,Indian Super League
Hyderabad FC,Indian Super League
Odisha FC,Indian Super League
Virtus Entella Chiavari,Serie C
Jamshedpur FC,Indian Super League
Club Atlético Nacional Potosí,División Profesional
Varbergs BoIS FC,Allsvenskan
FC Vestsjælland,Danish Superliga
SC East Bengal FC,Indian Super League
Radomiak Radom,Ekstraklasa
FC Viitorul Constanța,Liga I
Borussia Dortmund II,3. Liga
Club Atlético River Plate,Argentine Primera División
Guayaquil City FC,Serie A
FC Bayern München II,Regionalliga Bayern
Club de Deportes Cobresal,Campeonato Nacional
Deportivo Táchira FC,Primera División Venezolana
Guaireña FC,Primera División
AFC Chindia Târgoviște,Liga I
FBC Melgar,Liga 1
Delfín Sporting Club,Serie A
Universidad Técnica de Cajamarca,Liga 1
Academia Puerto Cabello,Venezuelan Primera División
CS Mioveni,Liga I
Club Social y Deportivo Macará,Serie A
Carlos A. Mannucci,Liga 1
Aragua Fútbol Club,Primera División Venezolana
CSM Politehnica Iași,Liga II
Club Deportivo Guabirá,División Profesional
Cerro Largo Fútbol Club,Primera División
ŁKS Łódź,I liga
FSV Frankfurt,Regionalliga Südwest
Club Unión Magdalena S.A,Categoría Primera B
FC Libourne-Saint-Seurin,National 3
Dagenham and Redbridge,National League
